{"data_time": 0.00448597950162366, "eta_seconds": 449694.42043222237, "fast_rcnn/cls_accuracy": 0.06884765625, "fast_rcnn/false_negative": 0.08333333333333333, "fast_rcnn/fg_cls_accuracy": 0.0, "iteration": 19, "loss_boundary": 1.184911847114563, "loss_box_reg": 0.0016037235618568957, "loss_cls": 3.8261595964431763, "loss_mask": 0.6928695142269135, "loss_rpn_cls": 0.6987789869308472, "loss_rpn_loc": 0.1079135537147522, "lr": 3.996200000000001e-05, "mask_rcnn/accuracy": 0.49215561224489796, "mask_rcnn/false_negative": 0.6447627556910474, "mask_rcnn/false_positive": 0.36781654168883593, "roi_head/num_bg_samples": 506.0, "roi_head/num_fg_samples": 6.0, "rpn/num_neg_anchors": 230.25, "rpn/num_pos_anchors": 25.75, "time": 0.5385697370020353, "total_loss": 6.523623885434063}
{"data_time": 0.0044662970012723235, "fast_rcnn/cls_accuracy": 0.9501953125, "fast_rcnn/false_negative": 0.70625, "fast_rcnn/fg_cls_accuracy": 0.0, "iteration": 23, "loss_boundary": 1.1981908082962036, "loss_box_reg": 0.006279350258409977, "loss_cls": 2.781821131706238, "loss_mask": 0.6925661563873291, "loss_rpn_cls": 0.6969373226165771, "loss_rpn_loc": 0.1079135537147522, "lr": 4.7954e-05, "mask_rcnn/accuracy": 0.49940779883381925, "mask_rcnn/false_negative": 0.6199864937124313, "mask_rcnn/false_positive": 0.37596399935845326, "roi_head/num_bg_samples": 505.25, "roi_head/num_fg_samples": 6.75, "rpn/num_neg_anchors": 230.25, "rpn/num_pos_anchors": 25.75, "time": 0.5397585240007174, "total_loss": 5.588179215090349}
{"eta_seconds": 449691.7275835374, "iteration": 24}
